01 All We Know (Paris Blohm & Nolan Van Lith Remix)|Found boundary at 1|00:10.771|0.0153333333348|***
01 All We Know (Paris Blohm & Nolan Van Lith Remix)|Found boundary at 2|01:14.771|0.0153333333439|***
01 All We Know (Paris Blohm & Nolan Van Lith Remix)|Found boundary at 3|01:36.104|0.0150000000136|***
01 All We Know (Paris Blohm & Nolan Van Lith Remix)|Found boundary at 4|02:18.771|0.015333333353|***
01 All We Know (Paris Blohm & Nolan Van Lith Remix)|Found boundary at 5|02:40.104|0.0150000000228|***
01 Closer (R3hab Remix)|Found boundary at 1|00:00.071|0.281|**
01 Closer (R3hab Remix)|Found boundary at 2|00:19.272|0.279999999997|**
01 Closer (R3hab Remix)|Found boundary at 3|00:57.675|0.27699999999|**
01 Closer (R3hab Remix)|Found boundary at 4|01:16.876|0.275999999986|**
01 Closer (R3hab Remix)|**********BEAT DETECTION FAILED**********
01 Galantis - No Money [Joe Maz Remix] - Atlantic|Not found boundary at 1
01 Galantis - No Money [Joe Maz Remix] - Atlantic|Found boundary at 2|00:18.130|2.25794339623|*
01 Galantis - No Money [Joe Maz Remix] - Atlantic|Found boundary at 3|01:12.470|0.0058301886649|***
01 Galantis - No Money [Joe Maz Remix] - Atlantic|Found boundary at 4|01:30.583|0.00603773583113|***
01 How Long (Revelries Remix)|Found boundary at 1|00:08.424|0.0151739130453|***
01 How Long (Revelries Remix)|Not found boundary at 2
01 How Long (Revelries Remix)|Found boundary at 3|01:31.917|0.0299130434987|***
01 How Long (Revelries Remix)|Found boundary at 4|01:52.790|0.033347826112|***
01 How Long (Revelries Remix)|Found boundary at 5|02:22.013|0.0389565217707|***
01 Lean On|Found boundary at 1|00:10.041|0.0220816326547|***
01 Lean On|Found boundary at 2|00:49.226|0.0234081632737|***
01 Lean On|Found boundary at 3|01:08.818|0.0235714285832|***
01 Lean On|Found boundary at 4|01:48.001|0.0228979592022|***
01 Lean On|Found boundary at 5|02:07.593|0.0230612245117|***
01 Let Me Love You (R3hab Remix)|Found boundary at 1|00:00.953|0.341764705882|**
01 Let Me Love You (R3hab Remix)|Not found boundary at 2
01 Let Me Love You (R3hab Remix)|Found boundary at 3|01:25.659|0.341882352957|**
01 Let Me Love You (R3hab Remix)|Found boundary at 4|02:03.306|2.01111764704|*
01 Let Me Love You (R3hab Remix)|Found boundary at 5|02:22.129|2.69423529414|*
01 Let Me Love You (R3hab Remix)|**********BEAT DETECTION FAILED**********
01 Like You Love Me|Found boundary at 1|00:10.155|0.0217368421069|***
01 Like You Love Me|Found boundary at 2|00:30.366|0.0222105263207|***
01 Like You Love Me|Found boundary at 3|01:10.787|0.0221578947483|***
01 Like You Love Me|Found boundary at 4|01:51.208|0.0221052631758|***
01 Like You Love Me|Found boundary at 5|02:31.629|0.0220526316034|***
01 Like You Love Me|Found boundary at 6|03:12.050|0.0220000000311|***
01 No Way Back - Minute (Joe Maz Remix) (radio edit)|Found boundary at 1|00:09.337|0.0083883495128|***
01 Run Free|Found boundary at 1|00:01.257|0.0160000000002|***
01 Run Free|Found boundary at 2|00:20.453|0.0120000000036|***
01 Run Free|Found boundary at 3|00:58.845|0.00400000001053|***
01 Run Free|Found boundary at 4|01:18.041|1.39550593303e-11|***
01 Touch (VIP Remix)|Not found boundary at 1
01 Touch (VIP Remix)|Found boundary at 2|01:09.424|0.0146494845478|***
01 Touch (VIP Remix)|Found boundary at 3|01:29.218|0.0148350515614|***
02 24K Magic (R3hab Remix)|Found boundary at 1|00:01.031|0.0149622641511|***
02 24K Magic (R3hab Remix)|Found boundary at 2|00:19.145|0.0157547169848|***
02 24K Magic (R3hab Remix)|Found boundary at 3|00:55.371|0.0153396226524|***
02 24K Magic (R3hab Remix)|Found boundary at 4|01:13.484|2.27928301888|*
02 24K Magic (R3hab Remix)|Found boundary at 5|02:07.823|0.0145094339875|***
02 24K Magic (R3hab Remix)|Found boundary at 6|02:25.936|0.0143018868213|***
02 Chainsmokers - Roses [Joe Maz VIP Remix Edit]|Found boundary at 1|00:09.159|0.00585714285536|***
02 Chainsmokers - Roses [Joe Maz VIP Remix Edit]|Found boundary at 2|00:27.445|0.00557142856608|***
02 Chainsmokers - Roses [Joe Maz VIP Remix Edit]|Found boundary at 3|01:22.302|0.00571428569825|***
02 Chainsmokers - Roses [Joe Maz VIP Remix Edit]|Found boundary at 4|01:40.588|2.2802857143|*
07 Amateur at Love (Remix)|Found boundary at 1|00:00.078|0.293|**
07 Amateur at Love (Remix)|Found boundary at 2|00:20.289|0.292526315786|**
07 Amateur at Love (Remix)|Not found boundary at 3
07 Amateur at Love (Remix)|Found boundary at 4|00:53.131|0.292631578939|**
07 Amateur at Love (Remix)|**********BEAT DETECTION FAILED**********
08 Colors|Found boundary at 1|01:06.176|0.0120000000118|***
08 Colors|Found boundary at 2|01:25.377|0.0130000000152|***
08 Colors|Found boundary at 3|02:22.977|0.0130000000256|***
08 Colors|Found boundary at 4|02:42.177|0.013000000029|***
1-01 A Different Way|Found boundary at 1|00:09.727|0.0127142857162|***
1-01 A Different Way|Found boundary at 2|00:28.012|0.0120000000055|***
1-01 A Different Way|Found boundary at 3|01:04.585|0.013571428584|***
1-01 A Different Way|Found boundary at 4|01:22.871|0.0138571428733|***
1-01 A Different Way|Found boundary at 5|02:36.013|0.0130000000304|***
1-01 A Different Way|Found boundary at 6|02:54.299|0.0132857143197|***
1-01 Anyway|Found boundary at 1|00:09.531|2.35192307692|*
1-01 Anyway|Found boundary at 2|00:27.993|2.35238461539|*
1-01 Anyway|Found boundary at 3|00:55.685|0.0443846153952|***
1-01 Anyway|Found boundary at 4|01:14.147|0.0448461538603|***
1-01 Attention|Found boundary at 1|00:49.127|0.0230000000087|***
1-01 Attention|Found boundary at 2|01:08.328|2.37599999999|*
1-01 Attention|Found boundary at 3|02:05.928|0.0240000000224|***
1-01 Attention|Found boundary at 4|02:25.128|0.0240000000259|***
1-01 Breathe (HEDEGAARD Remix)|Found boundary at 1|00:09.796|1.183|*
1-01 Breathe (HEDEGAARD Remix)|Not found boundary at 2
1-01 Breathe (HEDEGAARD Remix)|Found boundary at 3|01:26.596|1.18299999998|*
1-01 Breathe (HEDEGAARD Remix)|**********DOWNBEAT DETECTION FAILED**********
1-01 Bring Back the Summer (feat. OLY)|Found boundary at 1|00:04.335|2.42869387755|*
1-01 Bring Back the Summer (feat. OLY)|Found boundary at 2|00:43.523|0.0246122449054|***
1-01 Bring Back the Summer (feat. OLY)|Found boundary at 3|01:03.116|0.0257755102149|***
1-01 Cold|Found boundary at 1|00:04.578|2.392|*
1-01 Cold|Not found boundary at 2
1-01 Cold|Found boundary at 3|01:21.378|0.0079999999855|***
1-01 Cold|Found boundary at 4|02:09.378|0.00799999997693|***
1-01 Cold|Found boundary at 5|02:28.578|0.00799999997346|***
1-01 Cruel World|Not found boundary at 1
1-01 Cruel World|Found boundary at 2|00:46.635|0.0242553191563|***
1-01 Cruel World|Found boundary at 3|01:07.061|0.0247234042659|***
1-01 Cruel World|Found boundary at 4|01:27.486|0.0241914893755|***
1-01 Cruel World|Found boundary at 5|02:28.762|0.0235957447044|***
1-01 Does It Feel Like Falling|Found boundary at 1|00:09.828|2.15554545454|*
1-01 Does It Feel Like Falling|Not found boundary at 2
1-01 Does It Feel Like Falling|Found boundary at 3|01:19.647|0.0270909091075|***
1-01 Don't Wanna Know (Fareoh Remix)|Found boundary at 1|00:01.321|0.00500000000021|***
1-01 Don't Wanna Know (Fareoh Remix)|Found boundary at 2|01:56.531|0.0150000000208|***
1-01 Don't Wanna Know (Fareoh Remix)|Found boundary at 3|02:15.733|0.0170000000243|***
1-01 Extreme|Found boundary at 1|00:10.954|2.16090909091|*
1-01 Extreme|Found boundary at 2|00:28.409|2.16045454545|*
1-01 Extreme|Found boundary at 3|01:03.319|0.022272727286|***
1-01 Extreme|Found boundary at 4|01:38.228|2.20400000002|*
1-01 Fast Car - Radio Edit|Not found boundary at 1
1-01 Fast Car - Radio Edit|Found boundary at 2|01:00.796|2.11757894735|*
1-01 Fast Car - Radio Edit|Found boundary at 3|01:34.482|0.0105263157688|***
1-01 Fast Car - Radio Edit|Found boundary at 4|01:51.324|0.010631578923|***
1-01 Fast Car - Radio Edit|Found boundary at 5|02:33.429|2.1161578947|*
1-01 Fast Car - Radio Edit|Found boundary at 6|02:50.272|0.00999999996264|***
1-01 Galway Girl (Martin Jensen Remix)|Found boundary at 1|00:39.342|0.022000000007|***
1-01 Galway Girl (Martin Jensen Remix)|Found boundary at 2|00:58.542|0.0220000000104|***
1-01 Galway Girl (Martin Jensen Remix)|Found boundary at 3|01:36.942|0.0220000000173|***
1-01 Galway Girl (Martin Jensen Remix)|Found boundary at 4|01:56.142|0.0220000000207|***
1-01 High Without Your Love|Found boundary at 1|00:57.845|0.898411764716|*
1-01 High Without Your Love|Not found boundary at 2
1-01 High Without Your Love|Found boundary at 3|01:54.316|1.45411764704|*
1-01 High Without Your Love|Found boundary at 4|02:13.139|0.898294117672|*
1-01 High Without Your Love|**********DOWNBEAT DETECTION FAILED**********
1-01 Honest (Evan Gartner Remix)|Found boundary at 1|00:10.197|0.0170000000017|***
1-01 Honest (Evan Gartner Remix)|Found boundary at 2|01:07.797|2.38299999999|*
1-01 Honest (Evan Gartner Remix)|Found boundary at 3|01:46.197|0.0170000000189|***
1-01 Hymn for the Weekend (Seeb Remix)|Not found boundary at 1
1-01 Hymn for the Weekend (Seeb Remix)|Found boundary at 2|00:38.564|1.77199999999|*
1-01 Hymn for the Weekend (Seeb Remix)|Found boundary at 3|01:16.211|0.580882352955|*
1-01 Hymn for the Weekend (Seeb Remix)|Found boundary at 4|01:35.035|0.581352941194|*
1-01 Hymn for the Weekend (Seeb Remix)|**********DOWNBEAT DETECTION FAILED**********
1-01 I See Fire (Kygo Remix)|Not found boundary at 1
1-01 I See Fire (Kygo Remix)|Not found boundary at 2
1-01 I See Fire (Kygo Remix)|Found boundary at 3|04:28.871|0.0210000000481|***
1-01 I See Fire (Kygo Remix)|Found boundary at 4|04:48.070|0.0200000000515|***
1-01 Kiss It Better (R3hab Remix)|Found boundary at 1|00:19.301|2.07317647059|*
1-01 Kiss It Better (R3hab Remix)|Found boundary at 2|00:38.124|0.28029411764|**
1-01 Kiss It Better (R3hab Remix)|Found boundary at 3|00:56.948|0.279823529401|**
1-01 Kiss It Better (R3hab Remix)|Found boundary at 4|01:15.771|0.280352941162|**
1-01 Kiss It Better (R3hab Remix)|**********BEAT DETECTION FAILED**********
1-01 Mama|Found boundary at 1|00:27.618|0.0160768052151|***
1-01 Mama|Found boundary at 2|00:46.008|2.31720494159|*
1-01 Mama|Not found boundary at 3
1-01 Mama|Found boundary at 4|01:22.789|0.0252304156452|***
1-01 Mayores|Not found boundary at 1
1-01 Mayores|Not found boundary at 2
1-01 Mayores|Not found boundary at 3
1-01 Mayores|Found boundary at 4|01:49.051|0.0590206185751|***
1-01 Mayores|Found boundary at 5|02:08.847|0.0612061855887|***
1-01 Middle|Found boundary at 1|00:09.168|0.00485714285536|***
1-01 Middle|Found boundary at 2|01:22.310|0.00571428569825|***
1-01 Middle|Found boundary at 3|01:40.596|0.00542857140897|***
1-01 Moments (Seeb Remix)|Found boundary at 1|00:19.013|0.0156315789515|***
1-01 Moments (Seeb Remix)|Found boundary at 2|00:35.856|0.0165263157973|***
1-01 Moments (Seeb Remix)|Found boundary at 3|00:52.699|0.0174210526432|***
1-01 Moments (Seeb Remix)|Found boundary at 4|01:09.541|0.017315789489|***
1-01 Moments (Seeb Remix)|Found boundary at 5|02:00.067|0.0170000000264|***
1-01 Moments (Seeb Remix)|Found boundary at 6|02:16.909|0.0168947368722|***
1-01 Needed Me (R3hab Remix)|Found boundary at 1|00:00.649|0.272|**
1-01 Needed Me (R3hab Remix)|Found boundary at 2|00:19.849|0.271999999996|**
1-01 Needed Me (R3hab Remix)|Not found boundary at 3
1-01 Needed Me (R3hab Remix)|Found boundary at 4|01:17.449|0.271999999986|**
1-01 Needed Me (R3hab Remix)|**********BEAT DETECTION FAILED**********
1-01 No Future|Found boundary at 1|01:08.611|2.42000000001|*
1-01 No Future|Found boundary at 2|01:27.811|0.0200000000157|***
1-01 No Future|Found boundary at 3|02:35.012|2.42100000003|*
1-01 No Future|Found boundary at 4|02:54.212|0.0210000000311|***
1-01 Now Or Never (R3hab Remix)|Found boundary at 1|00:36.638|0.0265714285786|***
1-01 Now Or Never (R3hab Remix)|Found boundary at 2|00:54.924|2.31257142858|*
1-01 Now Or Never (R3hab Remix)|Found boundary at 3|01:31.495|2.25928571427|*
1-01 Now Or Never (R3hab Remix)|Found boundary at 4|01:49.781|0.0267142857357|***
1-01 Payphone (Matoma Remix)|Found boundary at 1|00:00.100|1.67534064081|*
1-01 Payphone (Matoma Remix)|Found boundary at 2|00:18.086|1.67697414277|*
1-01 Payphone (Matoma Remix)|Found boundary at 3|01:48.025|0.572312535154|*
1-01 Payphone (Matoma Remix)|Found boundary at 4|02:06.012|2.82013322094|*
1-01 Payphone (Matoma Remix)|Found boundary at 5|03:17.964|0.573145025335|*
1-01 Payphone (Matoma Remix)|Found boundary at 6|03:35.952|1.67494266437|*
1-01 Payphone (Matoma Remix)|**********DOWNBEAT DETECTION FAILED**********
1-01 Rockabye|Found boundary at 1|00:00.054|0.023|***
1-01 Rockabye|Found boundary at 2|00:18.877|0.0224705882388|***
1-01 Rockabye|Not found boundary at 3
1-01 Rockabye|Found boundary at 4|01:24.759|0.0221176470745|***
1-01 Rockabye|Found boundary at 5|02:30.641|2.37470588238|*
1-01 Rockabye|Found boundary at 6|02:49.464|0.0212352941491|***
1-01 Starving|Found boundary at 1|00:09.640|0.285040095989|**
1-01 Starving|Not found boundary at 2
1-01 Starving|Found boundary at 3|00:52.829|2.10803949606|*
1-01 Starving|Found boundary at 4|01:12.024|0.294800719915|**
1-01 Starving|**********BEAT DETECTION FAILED**********
1-01 Summer Air|Found boundary at 1|00:10.468|0.615235294119|*
1-01 Summer Air|Found boundary at 2|00:48.116|0.616176470597|*
1-01 Summer Air|Found boundary at 3|01:06.939|1.73729411763|*
1-01 Summer Air|Found boundary at 4|01:44.586|0.615588235313|*
1-01 Summer Air|Found boundary at 5|02:03.410|1.73688235292|*
1-01 Summer Air|**********DOWNBEAT DETECTION FAILED**********
1-01 Sun Comes Up (Tritonal Remix)|Found boundary at 1|00:00.046|0.015|***
1-01 Sun Comes Up (Tritonal Remix)|Found boundary at 2|00:34.955|0.0149090909164|***
1-01 Sun Comes Up (Tritonal Remix)|Found boundary at 3|01:27.319|2.19709090911|*
1-01 Sun Comes Up (Tritonal Remix)|Found boundary at 4|02:02.228|2.19700000003|*
1-01 Sun Comes Up (Tritonal Remix)|Found boundary at 5|02:37.137|2.16672727269|*
1-01 Sun Comes Up (Tritonal Remix)|Found boundary at 6|03:12.046|0.0150000000402|***
1-01 Sun Goes Down|Not found boundary at 1
1-01 Sun Goes Down|Found boundary at 2|00:18.991|0.609705882356|*
1-01 Sun Goes Down|Found boundary at 3|01:15.461|1.7438235294|*
1-01 Sun Goes Down|Found boundary at 4|01:34.284|2.96152941178|*
1-01 Sun Goes Down|Found boundary at 5|02:30.755|0.609000000028|*
1-01 Sun Goes Down|**********DOWNBEAT DETECTION FAILED**********
1-01 Take Me Back|Found boundary at 1|00:09.842|2.42389795918|*
1-01 Take Me Back|Found boundary at 2|00:51.475|0.0254285714374|***
1-01 Take Me Back|Found boundary at 3|01:11.066|0.0245918367469|***
1-01 Take Me Back|Found boundary at 4|01:52.699|0.0249387755296|***
1-01 Take Me Back|Found boundary at 5|02:12.290|0.0241020408391|***
1-01 Team|Found boundary at 1|00:07.200|0.0251764705895|***
1-01 Team|Not found boundary at 2
1-01 Team|Found boundary at 3|01:03.664|0.0185882353059|***
1-01 There For You|Not found boundary at 1
1-01 There For You|Found boundary at 2|00:38.533|0.587471698121|*
1-01 There For You|Found boundary at 3|00:56.646|1.67688679244|*
1-01 There For You|Found boundary at 4|01:14.759|1.67709433961|*
1-01 There For You|**********DOWNBEAT DETECTION FAILED**********
1-01 Truth or Dare|Not found boundary at 1
1-01 Truth or Dare|Found boundary at 2|01:00.077|0.0280000000101|***
1-01 Truth or Dare|Not found boundary at 3
1-01 Truth or Dare|Found boundary at 4|01:49.562|0.0284639175443|***
1-01 Truth or Dare|Found boundary at 5|02:09.356|0.0286494845579|***
1-01 Truth or Dare|Not found boundary at 6
1-01 We Don't Talk Anymore (Heyder Remix)|Found boundary at 1|00:01.821|0.00657281553365|***
1-01 We Don't Talk Anymore (Heyder Remix)|Found boundary at 2|00:20.462|0.00634951455926|***
1-01 We Don't Talk Anymore (Heyder Remix)|Found boundary at 3|00:39.102|0.00712621358487|***
1-01 We Don't Talk Anymore (Heyder Remix)|Not found boundary at 4
1-01 We Don't Talk Anymore (Heyder Remix)|Found boundary at 5|01:35.024|0.00745631066168|***
1-01 We Don't Talk Anymore (Heyder Remix)|Found boundary at 6|02:12.306|0.0070097087129|***
1-01 We Don't Talk Anymore (Heyder Remix)|Found boundary at 7|02:49.587|0.00756310676414|***
1-01 We Don't Talk Anymore (Heyder Remix)|Found boundary at 8|03:26.869|0.00711650481534|***
1-01 Weakness|Found boundary at 1|01:00.439|0.0160000000107|***
1-01 Weakness|Found boundary at 2|01:19.638|0.0150000000142|***
1-01 Weakness|Found boundary at 3|02:17.232|0.00900000002449|***
1-01 Weakness|Found boundary at 4|02:36.430|0.00700000002792|***
1-01 What Lovers Do (Slushii Remix)|Found boundary at 1|00:10.070|0.656000000002|*
1-01 What Lovers Do (Slushii Remix)|Found boundary at 2|01:30.071|0.657000000015|*
1-01 What Lovers Do (Slushii Remix)|Found boundary at 3|01:50.071|0.657000000018|*
1-01 What Lovers Do (Slushii Remix)|**********DOWNBEAT DETECTION FAILED**********
1-02 Harder|Found boundary at 1|00:09.679|0.0190000000017|***
1-02 Harder|Found boundary at 2|00:48.082|0.0220000000086|***
1-02 Harder|Found boundary at 3|01:07.284|0.024000000012|***
1-02 Harder|Found boundary at 4|01:50.490|0.0300000000198|***
1-02 Harder|Not found boundary at 5
1-02 Rock n Roll|Found boundary at 1|00:15.075|0.0240000000025|***
1-02 Rock n Roll|Found boundary at 2|00:35.075|0.0240000000058|***
1-02 Rock n Roll|Found boundary at 3|00:55.075|0.0240000000091|***
1-02 Rock n Roll|Found boundary at 4|01:15.075|0.0240000000124|***
1-04 Oh Child|Not found boundary at 1
1-04 Oh Child|Found boundary at 2|00:46.180|0.0108041237191|***
1-04 Oh Child|Found boundary at 3|01:05.973|0.00998969073272|***
1-10 You Know You Like It|Found boundary at 1|00:04.948|0.0240408163274|***
1-10 You Know You Like It|Found boundary at 2|00:24.540|0.0242040816369|***
1-10 You Know You Like It|Found boundary at 3|01:03.724|0.0245306122559|***
1-10 You Know You Like It|Found boundary at 4|01:23.315|0.0236938775654|***
1-13 Let Me Love You|Not found boundary at 1
1-13 Let Me Love You|Found boundary at 2|01:07.622|2.41900000001|*
1-13 Let Me Love You|Found boundary at 3|01:26.822|0.0190000000155|***
1-13 Let Me Love You|Found boundary at 4|02:24.422|2.41900000003|*
1-13 Let Me Love You|Found boundary at 5|02:43.622|0.0190000000292|***
Adventure Of A Lifetime (Matoma Remix) [Intro Clean]|Found boundary at 1|00:17.140|2.121|*
Adventure Of A Lifetime (Matoma Remix) [Intro Clean]|Found boundary at 2|00:34.282|0.0227142857069|***
Adventure Of A Lifetime (Matoma Remix) [Intro Clean]|Found boundary at 3|01:25.712|0.0212857142673|***
Adventure Of A Lifetime (Matoma Remix) [Intro Clean]|Found boundary at 4|01:42.854|0.0221428571208|***
Adventure Of A Lifetime (Matoma Remix) [Intro Clean]|Found boundary at 5|02:34.283|2.12114285718|*
Adventure Of A Lifetime (Matoma Remix) [Intro Clean]|Found boundary at 6|02:51.426|0.0215714285346|***
Animals (Gryffin Remix) [Intro Clean]|Found boundary at 1|00:00.000|0.022|***
Animals (Gryffin Remix) [Intro Clean]|Found boundary at 2|00:19.009|0.0229009900955|***
Animals (Gryffin Remix) [Intro Clean]|Found boundary at 3|01:54.060|0.0214059405733|***
Animals (Gryffin Remix) [Intro Clean]|Found boundary at 4|02:32.080|2.355029703|*
Animals (Gryffin Remix) [Intro Clean]|Found boundary at 5|03:48.120|0.0208118811465|***
Animals (Gryffin Remix) [Intro Clean]|Found boundary at 6|04:26.141|2.3958514851|*
Bad At Love (Dillon Francis Remix) [Intro Dirty]|Not found boundary at 1
Bad At Love (Dillon Francis Remix) [Intro Dirty]|Found boundary at 2|00:17.471|0.536909090913|*
Bad At Love (Dillon Francis Remix) [Intro Dirty]|Found boundary at 3|00:52.380|2.71863636365|*
Bad At Love (Dillon Francis Remix) [Intro Dirty]|Found boundary at 4|01:09.834|0.536272727287|*
Bad At Love (Dillon Francis Remix) [Intro Dirty]|Found boundary at 5|01:44.743|0.536181818204|*
Bad At Love (Dillon Francis Remix) [Intro Dirty]|Found boundary at 6|02:02.198|1.64518181816|*
Bad At Love (Dillon Francis Remix) [Intro Dirty]|**********DOWNBEAT DETECTION FAILED**********
Bon Appetit (3LAU Remix) [Intro Clean]|Found boundary at 1|01:39.623|0.0236415094142|***
Bon Appetit (3LAU Remix) [Intro Clean]|Found boundary at 2|01:57.737|0.0228490565805|***
Bon Appetit (3LAU Remix) [Intro Clean]|Found boundary at 3|02:43.019|0.023867924496|***
Bon Appetit (3LAU Remix) [Intro Clean]|Found boundary at 4|03:01.132|0.0240754716623|***
Breathe Of You (Orbz Mashup) [Intro Clean]|Not found boundary at 1
Breathe Of You (Orbz Mashup) [Intro Clean]|Not found boundary at 2
Breathe Of You (Orbz Mashup) [Intro Clean]|Found boundary at 3|01:24.790|0.00488235292546|***
Breathe Of You (Orbz Mashup) [Intro Clean]|Found boundary at 4|01:43.613|0.00541176468667|***
Breathe Of You (Orbz Mashup) [Intro Clean]|Found boundary at 5|02:58.908|0.00452941173154|***
Breathe Of You (Orbz Mashup) [Intro Clean]|Found boundary at 6|03:17.731|0.00505882349276|***
Breathe Of You (Orbz Mashup) [Intro Clean]|Found boundary at 7|04:14.201|0.00564705877639|***
Chained To The Rhythm (Joe Maz Remix) [Intro Clean]|Not found boundary at 1
Chained To The Rhythm (Joe Maz Remix) [Intro Clean]|Found boundary at 2|00:18.288|2.265|*
Chained To The Rhythm (Joe Maz Remix) [Intro Clean]|Found boundary at 3|01:22.288|0.0207142856982|***
Chained To The Rhythm (Joe Maz Remix) [Intro Clean]|Found boundary at 4|01:40.573|0.021428571409|***
Chained To The Rhythm (Joe Maz Remix) [Intro Clean]|Found boundary at 5|03:39.430|2.30728571424|*
Come First (Joe Maz Remix) [Intro Clean]|Found boundary at 1|00:18.465|0.0225384615349|***
Come First (Joe Maz Remix) [Intro Clean]|Found boundary at 2|00:36.926|0.0230769230698|***
Come First (Joe Maz Remix) [Intro Clean]|Not found boundary at 3
Come First (Joe Maz Remix) [Intro Clean]|Found boundary at 4|01:23.079|0.0239230769072|***
Come First (Joe Maz Remix) [Intro Clean]|Not found boundary at 5
Come First (Joe Maz Remix) [Intro Clean]|Found boundary at 6|02:27.696|0.0223076922794|***
Crying In The Club (Pink Panda Remix) [Clean]|Found boundary at 1|00:19.202|0.0179999999966|***
Crying In The Club (Pink Panda Remix) [Clean]|Found boundary at 2|00:38.402|0.0179999999931|***
Crying In The Club (Pink Panda Remix) [Clean]|Not found boundary at 3
Crying In The Club (Pink Panda Remix) [Clean]|Found boundary at 4|01:36.002|0.0179999999828|***
Crying In The Club (Pink Panda Remix) [Clean]|Found boundary at 5|02:04.801|0.0189999999777|***
Crying In The Club (Pink Panda Remix) [Clean]|Not found boundary at 6
Dangerous Ground (Clean)|Not found boundary at 1
Dangerous Ground (Clean)|Found boundary at 2|02:22.706|1.1863762376|*
Dangerous Ground (Clean)|Found boundary at 3|03:19.736|1.19015841588|*
Dangerous Ground (Clean)|Found boundary at 4|03:38.746|1.19025742578|*
Dangerous Ground (Clean)|**********DOWNBEAT DETECTION FAILED**********
Despacito (The Scene Kings Rework) [Intro Clean]|Found boundary at 1|00:28.868|0.0450000000052|***
Despacito (The Scene Kings Rework) [Intro Clean]|Not found boundary at 2
Despacito (The Scene Kings Rework) [Intro Clean]|Not found boundary at 3
Despacito (The Scene Kings Rework) [Intro Clean]|Found boundary at 4|01:55.207|0.0159999999794|***
Despacito (The Scene Kings Rework) [Intro Clean]|Found boundary at 5|02:52.766|0.0569999999691|***
Despacito (The Scene Kings Rework) [Intro Clean]|Found boundary at 6|03:11.953|2.46999999997|*
Don't Let Me Down (Mister Gray Bootleg) [Intro Clean]|Found boundary at 1|00:00.020|0.001|***
Don't Let Me Down (Mister Gray Bootleg) [Intro Clean]|Found boundary at 2|00:19.204|0.0169999999966|***
Don't Let Me Down (Mister Gray Bootleg) [Intro Clean]|Found boundary at 3|01:07.204|0.016999999988|***
Don't Let Me Down (Mister Gray Bootleg) [Intro Clean]|Found boundary at 4|01:26.404|0.0169999999845|***
Don't Let Me Down (Mister Gray Bootleg) [Intro Clean]|Found boundary at 5|02:14.404|0.0169999999759|***
Don't Let Me Down (Mister Gray Bootleg) [Intro Clean]|Found boundary at 6|02:33.603|2.41799999997|*
Dont Let Me Down (Dark Intensity Tropical Mix) [Intro Clean]|Not found boundary at 1
Dont Let Me Down (Dark Intensity Tropical Mix) [Intro Clean]|Found boundary at 2|01:46.452|0.461999999981|**
Dont Let Me Down (Dark Intensity Tropical Mix) [Intro Clean]|Found boundary at 3|02:24.852|0.461999999974|**
Dont Let Me Down (Dark Intensity Tropical Mix) [Intro Clean]|Found boundary at 4|02:44.052|0.461999999971|**
Dont Let Me Down (Dark Intensity Tropical Mix) [Intro Clean]|Not found boundary at 5
Dont Let Me Down (Dark Intensity Tropical Mix) [Intro Clean]|Found boundary at 6|03:41.651|0.46299999996|**
Dont Let Me Down (Dark Intensity Tropical Mix) [Intro Clean]|**********BEAT DETECTION FAILED**********
Everything Is Nice (Clean)|Found boundary at 1|00:00.016|0.01|***
Everything Is Nice (Clean)|Found boundary at 2|00:19.216|0.00999999999656|***
Everything Is Nice (Clean)|Found boundary at 3|01:16.816|0.00999999998625|***
Everything Is Nice (Clean)|Found boundary at 4|01:36.016|0.00999999998281|***
False Alarm (Intro Clean)|Found boundary at 1|00:00.000|0.018|***
False Alarm (Intro Clean)|Found boundary at 2|00:18.638|0.0207766990256|***
False Alarm (Intro Clean)|Found boundary at 3|01:14.559|0.0221067961024|***
False Alarm (Intro Clean)|Found boundary at 4|01:33.200|0.021883495128|***
False Alarm (Intro Clean)|Found boundary at 5|02:29.120|0.0242135922049|***
False Alarm (Intro Clean)|Found boundary at 6|02:47.761|0.0239902912305|***
First Time (twoDB Remix) [Intro Clean]|Found boundary at 1|00:00.067|1.809|*
First Time (twoDB Remix) [Intro Clean]|Not found boundary at 2
First Time (twoDB Remix) [Intro Clean]|Found boundary at 3|01:07.267|0.591000000012|*
First Time (twoDB Remix) [Intro Clean]|Found boundary at 4|01:26.467|1.80899999998|*
First Time (twoDB Remix) [Intro Clean]|**********DOWNBEAT DETECTION FAILED**********
Gold (Intro Clean)|Not found boundary at 1
Gold (Intro Clean)|Found boundary at 2|00:36.243|0.00341509433245|***
Gold (Intro Clean)|Found boundary at 3|01:30.583|2.26111320756|*
Gold (Intro Clean)|Found boundary at 4|01:48.696|0.00324528299736|***
Gold (Intro Clean)|Found boundary at 5|02:43.036|0.00286792449603|***
Gold (Intro Clean)|Found boundary at 6|03:01.149|2.26107547173|*
Heathens (Joe Maz Remix) [Intro Clean]|Found boundary at 1|00:00.004|0.018|***
Heathens (Joe Maz Remix) [Intro Clean]|Found boundary at 2|00:18.117|0.0182075471662|***
Heathens (Joe Maz Remix) [Intro Clean]|Found boundary at 3|00:54.344|2.2465283019|*
Heathens (Joe Maz Remix) [Intro Clean]|Found boundary at 4|01:12.457|0.0178301886649|***
Heathens (Joe Maz Remix) [Intro Clean]|Found boundary at 5|01:50.947|2.245754717|*
Heathens (Joe Maz Remix) [Intro Clean]|Found boundary at 6|02:09.060|0.0186037735594|***
Hello (Nikki X & Marquee Remix) [Clean]|Not found boundary at 1
Hello (Nikki X & Marquee Remix) [Clean]|Not found boundary at 2
Hello (Nikki X & Marquee Remix) [Clean]|**********DOWNBEAT DETECTION FAILED**********
Hey Ma (Spanish Version) [Intro Clean]|Not found boundary at 1
Hey Ma (Spanish Version) [Intro Clean]|Not found boundary at 2
Hey Ma (Spanish Version) [Intro Clean]|Not found boundary at 3
Hey Ma (Spanish Version) [Intro Clean]|Found boundary at 4|01:12.469|0.00783018866491|***
Him & I (Audiovista Remix) [Intro Dirty]|Found boundary at 1|00:00.017|0.012|***
Him & I (Audiovista Remix) [Intro Dirty]|Found boundary at 2|00:20.662|0.00994161917755|***
Him & I (Audiovista Remix) [Intro Dirty]|Found boundary at 3|01:43.243|0.000708095887759|***
Him & I (Audiovista Remix) [Intro Dirty]|Found boundary at 4|02:03.887|0.000350284934683|***
Hola (PeteDown Moomba Mix) [Intro Clean]|Found boundary at 1|00:17.961|0.00392523364126|***
Hola (PeteDown Moomba Mix) [Intro Clean]|Found boundary at 2|00:35.905|0.00385046728251|***
Hola (PeteDown Moomba Mix) [Intro Clean]|Not found boundary at 3
Hola (PeteDown Moomba Mix) [Intro Clean]|Found boundary at 4|01:38.708|0.00458878502691|***
Honest (Savi Remix) [Intro Clean]|Not found boundary at 1
Honest (Savi Remix) [Intro Clean]|Found boundary at 2|00:19.203|0.583000000003|*
Honest (Savi Remix) [Intro Clean]|Found boundary at 3|01:16.804|0.584000000014|*
Honest (Savi Remix) [Intro Clean]|Found boundary at 4|01:36.004|0.584000000017|*
Honest (Savi Remix) [Intro Clean]|Found boundary at 5|02:33.603|0.583000000027|*
Honest (Savi Remix) [Intro Clean]|Found boundary at 6|02:52.803|0.583000000031|*
Honest (Savi Remix) [Intro Clean]|**********DOWNBEAT DETECTION FAILED**********
Hush Up That Silence (Frandiego & Mozes Remix) [Intro Clean]|Found boundary at 1|01:36.042|1.21700000002|*
Hush Up That Silence (Frandiego & Mozes Remix) [Intro Clean]|Found boundary at 2|01:55.242|1.18299999998|*
Hush Up That Silence (Frandiego & Mozes Remix) [Intro Clean]|Found boundary at 3|02:33.641|1.18399999997|*
Hush Up That Silence (Frandiego & Mozes Remix) [Intro Clean]|Found boundary at 4|02:52.841|1.18399999997|*
Hush Up That Silence (Frandiego & Mozes Remix) [Intro Clean]|**********DOWNBEAT DETECTION FAILED**********
I Like Me Better (PeteDown Flavor Mix) [Intro Clean]|Not found boundary at 1
I Like Me Better (PeteDown Flavor Mix) [Intro Clean]|Found boundary at 2|00:19.609|0.607408163269|*
I Like Me Better (PeteDown Flavor Mix) [Intro Clean]|Found boundary at 3|00:58.792|1.84224489795|*
I Like Me Better (PeteDown Flavor Mix) [Intro Clean]|Found boundary at 4|01:18.384|1.84208163264|*
I Like Me Better (PeteDown Flavor Mix) [Intro Clean]|Found boundary at 5|01:57.568|0.607224489816|*
I Like Me Better (PeteDown Flavor Mix) [Intro Clean]|Found boundary at 6|02:17.160|1.84159183671|*
I Like Me Better (PeteDown Flavor Mix) [Intro Clean]|**********DOWNBEAT DETECTION FAILED**********
I Miss You (Joe Maz Remix) [Intro Clean]|Not found boundary at 1
I Miss You (Joe Maz Remix) [Intro Clean]|Found boundary at 2|00:18.302|2.275|*
I Miss You (Joe Maz Remix) [Intro Clean]|Found boundary at 3|01:13.160|0.00985714284289|***
I Miss You (Joe Maz Remix) [Intro Clean]|Found boundary at 4|01:31.445|0.0105714285536|***
I Miss You (Joe Maz Remix) [Intro Clean]|Found boundary at 5|02:26.302|0.0107142856858|***
I Miss You (Joe Maz Remix) [Intro Clean]|Found boundary at 6|02:44.588|2.27528571432|*
I Took A Pill In Ibiza (Clean)|Found boundary at 1|00:01.054|0.00223529411754|***
I Took A Pill In Ibiza (Clean)|Found boundary at 2|01:16.347|0.0033529411624|***
I Took A Pill In Ibiza (Clean)|Found boundary at 3|01:35.171|0.00288235292361|***
It Ain't Me (Tiesto Aftr-Hrs Mix) [Intro Clean]|Found boundary at 1|00:16.694|0.0236521739093|***
It Ain't Me (Tiesto Aftr-Hrs Mix) [Intro Clean]|Found boundary at 2|00:33.390|0.0233043478187|***
It Ain't Me (Tiesto Aftr-Hrs Mix) [Intro Clean]|Found boundary at 3|01:06.781|0.0236086956373|***
It Ain't Me (Tiesto Aftr-Hrs Mix) [Intro Clean]|Found boundary at 4|01:40.173|0.022913043456|***
It Ain't Me (Tiesto Aftr-Hrs Mix) [Intro Clean]|Found boundary at 5|02:13.565|2.10917391301|*
Kids (Seeb Remix) [Intro Clean]|Not found boundary at 1
Kids (Seeb Remix) [Intro Clean]|Not found boundary at 2
Kids (Seeb Remix) [Intro Clean]|Found boundary at 3|01:15.297|1.7878235294|*
Kids (Seeb Remix) [Intro Clean]|Found boundary at 4|01:34.120|1.78835294116|*
Kids (Seeb Remix) [Intro Clean]|Not found boundary at 5
Kids (Seeb Remix) [Intro Clean]|**********DOWNBEAT DETECTION FAILED**********
La Modelo (Intro Clean)|Not found boundary at 1
La Modelo (Intro Clean)|Found boundary at 2|00:58.791|0.00351020407151|***
La Modelo (Intro Clean)|Found boundary at 3|01:18.383|0.00334693876202|***
La Modelo (Intro Clean)|Not found boundary at 4
Light It Up (Joe Maz Remix) [Intro Clean]|Found boundary at 1|00:17.793|0.00477777777416|***
Light It Up (Joe Maz Remix) [Intro Clean]|Not found boundary at 2
Light It Up (Joe Maz Remix) [Intro Clean]|Found boundary at 3|01:02.237|2.21700000001|*
Light It Up (Joe Maz Remix) [Intro Clean]|Found boundary at 4|01:20.014|0.00599999998371|***
Light It Up (Joe Maz Remix) [Intro Clean]|Found boundary at 5|01:55.570|2.21666666669|*
Light It Up (Joe Maz Remix) [Intro Clean]|Found boundary at 6|02:13.347|0.0063333333062|***
Lights Down Low (Kue Remix) [Intro Clean]|Not found boundary at 1
Lights Down Low (Kue Remix) [Intro Clean]|Found boundary at 2|00:49.485|0.0285360824659|***
Lights Down Low (Kue Remix) [Intro Clean]|Found boundary at 3|01:09.279|0.0283505154522|***
Lights Down Low (Kue Remix) [Intro Clean]|Found boundary at 4|01:29.072|0.0291649484386|***
Macarena (Billy The Kit Bootleg) [Intro Clean]|Found boundary at 1|00:27.437|0.00957142856608|***
Macarena (Billy The Kit Bootleg) [Intro Clean]|Found boundary at 2|00:45.723|0.00928571427681|***
Macarena (Billy The Kit Bootleg) [Intro Clean]|Found boundary at 3|01:42.865|0.0101428571228|***
Macarena (Billy The Kit Bootleg) [Intro Clean]|Found boundary at 4|02:01.151|0.00985714283354|***
My Love (Joe Maz Remix) [Intro Clean]|Found boundary at 1|00:36.588|2.27428571429|*
My Love (Joe Maz Remix) [Intro Clean]|Found boundary at 2|00:54.874|0.0111428571322|***
My Love (Joe Maz Remix) [Intro Clean]|Found boundary at 3|01:49.730|0.0122857142643|***
My Love (Joe Maz Remix) [Intro Clean]|Not found boundary at 4
My Love (Joe Maz Remix) [Intro Clean]|Found boundary at 5|02:44.588|0.0114285713965|***
My Love (Joe Maz Remix) [Intro Clean]|Found boundary at 6|03:02.874|0.0111428571072|***
New Americana (MOTAvadid Remix) [Intro Clean]|Found boundary at 1|00:19.221|0.305999999997|**
New Americana (MOTAvadid Remix) [Intro Clean]|Found boundary at 2|00:38.421|0.305999999993|**
New Americana (MOTAvadid Remix) [Intro Clean]|Not found boundary at 3
New Americana (MOTAvadid Remix) [Intro Clean]|Found boundary at 4|02:04.820|0.306999999978|**
New Americana (MOTAvadid Remix) [Intro Clean]|**********BEAT DETECTION FAILED**********
Obsession (Joe Maz Remix) [Intro Clean]|Found boundary at 1|00:00.017|0.01|***
Obsession (Joe Maz Remix) [Intro Clean]|Found boundary at 2|00:18.840|0.0105294117612|***
Obsession (Joe Maz Remix) [Intro Clean]|Found boundary at 3|01:34.134|0.0106470588061|***
Obsession (Joe Maz Remix) [Intro Clean]|Found boundary at 4|01:52.957|2.3417647059|*
Obsession (Joe Maz Remix) [Intro Clean]|Found boundary at 5|02:30.605|0.0102352940897|***
Obsession (Joe Maz Remix) [Intro Clean]|Found boundary at 6|02:49.428|2.34217647062|*
One Dance (Tuner Remix) [Intro Clean]|Not found boundary at 1
One Dance (Tuner Remix) [Intro Clean]|Not found boundary at 2
One Dance (Tuner Remix) [Intro Clean]|Found boundary at 3|01:22.904|0.0061428571267|***
One Dance (Tuner Remix) [Intro Clean]|Found boundary at 4|01:41.189|0.00685714283743|***
One Word (Intro Clean)|Found boundary at 1|00:00.020|0.005|***
One Word (Intro Clean)|Not found boundary at 2
Ovaload (Intro Clean)|Found boundary at 1|00:19.011|2.35533663367|*
Ovaload (Intro Clean)|Found boundary at 2|00:38.021|0.0208019801911|***
Ovaload (Intro Clean)|Found boundary at 3|01:16.042|0.0196039603822|***
Ovaload (Intro Clean)|Found boundary at 4|01:35.052|0.0195049504777|***
Ovaload (Intro Clean)|Found boundary at 5|02:32.083|0.0182079207644|***
Ovaload (Intro Clean)|Found boundary at 6|02:51.093|0.0181089108599|***
Passionfruit (George Beckett Remix) [Intro Clean]|Not found boundary at 1
Passionfruit (George Beckett Remix) [Intro Clean]|Not found boundary at 2
Passionfruit (George Beckett Remix) [Intro Clean]|Not found boundary at 3
Passionfruit (George Beckett Remix) [Intro Clean]|Found boundary at 4|02:17.164|0.524857142886|*
Passionfruit (George Beckett Remix) [Intro Clean]|**********DOWNBEAT DETECTION FAILED**********
Pon De Replay (Mikel Harris Mashup)|Found boundary at 1|00:54.864|0.587293019702|*
Pon De Replay (Mikel Harris Mashup)|Found boundary at 2|01:13.146|1.69623064471|*
Pon De Replay (Mikel Harris Mashup)|Found boundary at 3|02:10.282|1.69481516049|*
Pon De Replay (Mikel Harris Mashup)|Found boundary at 4|02:28.564|1.69284220553|*
Pon De Replay (Mikel Harris Mashup)|**********DOWNBEAT DETECTION FAILED**********
Return Of The Mack (Seeb Remix) [Intro Clean]|Not found boundary at 1
Return Of The Mack (Seeb Remix) [Intro Clean]|Found boundary at 2|00:18.827|0.568705882356|*
Return Of The Mack (Seeb Remix) [Intro Clean]|Found boundary at 3|01:34.121|1.78435294116|*
Return Of The Mack (Seeb Remix) [Intro Clean]|Found boundary at 4|01:52.944|1.78488235292|*
Return Of The Mack (Seeb Remix) [Intro Clean]|Found boundary at 5|02:30.592|0.569000000028|*
Return Of The Mack (Seeb Remix) [Intro Clean]|Found boundary at 6|02:49.415|0.568470588267|*
Return Of The Mack (Seeb Remix) [Intro Clean]|**********DOWNBEAT DETECTION FAILED**********
Rich Love (Clean)|Not found boundary at 1
Rich Love (Clean)|Not found boundary at 2
Rich Love (Clean)|Found boundary at 3|00:54.877|1.74442857142|*
Rich Love (Clean)|Found boundary at 4|01:13.164|1.74314285713|*
Rich Love (Clean)|Found boundary at 5|01:49.735|1.74357142855|*
Rich Love (Clean)|Found boundary at 6|02:26.307|1.74299999997|*
Rich Love (Clean)|**********DOWNBEAT DETECTION FAILED**********
Rock The Boat (All Gold Lean On Bootleg) [Intro Clean]|Not found boundary at 1
Rock The Boat (All Gold Lean On Bootleg) [Intro Clean]|Found boundary at 2|00:28.821|0.000999999994843|***
Rock The Boat (All Gold Lean On Bootleg) [Intro Clean]|Found boundary at 3|00:48.021|0.000999999991407|***
Rock The Boat (All Gold Lean On Bootleg) [Intro Clean]|Found boundary at 4|01:07.221|0.000999999987968|***
Rock The Boat (All Gold Lean On Bootleg) [Intro Clean]|Found boundary at 5|01:45.621|0.000999999981104|***
Rock The Boat (All Gold Lean On Bootleg) [Intro Clean]|Found boundary at 6|02:04.821|0.00099999997768|***
Run Up (Intro Clean)|Found boundary at 1|00:00.003|2.23822222222|*
Run Up (Intro Clean)|Found boundary at 2|00:17.780|2.239|*
Run Up (Intro Clean)|Not found boundary at 3
Run Up (Intro Clean)|Found boundary at 4|01:11.113|0.0171111110966|***
Run Up (Intro Clean)|Not found boundary at 5
Run Up (Intro Clean)|Found boundary at 6|02:04.446|0.0174444444191|***
Run Up (Intro Clean)|Found boundary at 7|02:57.779|0.0177777777416|***
Run Up (Intro Clean)|Not found boundary at 8
Same Old Sorry (Kap Slap Remix) [Intro Dirty]|Found boundary at 1|00:00.009|2.29971428571|*
Same Old Sorry (Kap Slap Remix) [Intro Dirty]|Found boundary at 2|00:18.294|2.30042857142|*
Same Old Sorry (Kap Slap Remix) [Intro Dirty]|Found boundary at 3|01:33.722|2.30099999998|*
Same Old Sorry (Kap Slap Remix) [Intro Dirty]|Found boundary at 4|01:52.008|0.0149999999782|***
Same Old Sorry (Kap Slap Remix) [Intro Dirty]|Not found boundary at 5
Same Old Sorry (Kap Slap Remix) [Intro Dirty]|Not found boundary at 6
Setting Fires (Fraze Remix) [Intro Clean]|Found boundary at 1|00:00.531|0.00873913043467|***
Setting Fires (Fraze Remix) [Intro Clean]|Found boundary at 2|00:50.618|2.07826086958|*
Setting Fires (Fraze Remix) [Intro Clean]|Found boundary at 3|01:07.313|0.00934782607199|***
Setting Fires (Fraze Remix) [Intro Clean]|Found boundary at 4|01:57.400|2.07765217394|*
Setting Fires (Fraze Remix) [Intro Clean]|Found boundary at 5|02:14.096|0.00895652170931|***
Starboy (Joe Maz Remix) [Intro Clean]|Found boundary at 1|00:00.001|0.023|***
Starboy (Joe Maz Remix) [Intro Clean]|Found boundary at 2|00:18.115|0.0222075471662|***
Starboy (Joe Maz Remix) [Intro Clean]|Found boundary at 3|01:12.455|0.0218301886649|***
Starboy (Joe Maz Remix) [Intro Clean]|Found boundary at 4|01:30.568|0.0220377358311|***
Starboy (Joe Maz Remix) [Intro Clean]|Found boundary at 5|02:24.909|0.0206603773298|***
Starboy (Joe Maz Remix) [Intro Clean]|Found boundary at 6|02:43.023|0.019867924496|***
Stargazing (Intro Clean)|Found boundary at 1|01:00.621|1.20306060607|*
Stargazing (Intro Clean)|Found boundary at 2|01:20.014|1.22212121211|*
Stargazing (Intro Clean)|Not found boundary at 3
Stargazing (Intro Clean)|Found boundary at 4|01:58.802|1.22199999998|*
Stargazing (Intro Clean)|**********DOWNBEAT DETECTION FAILED**********
Stay (2DB Club Mix)|Found boundary at 1|00:00.071|0.006|***
Stay (2DB Club Mix)|Found boundary at 2|00:18.895|0.00552941176122|***
Stay (2DB Club Mix)|Found boundary at 3|01:34.189|2.34729411766|*
Stay (2DB Club Mix)|Found boundary at 4|01:53.012|2.35911764704|*
Stay (2DB Club Mix)|Found boundary at 5|02:51.835|0.00670588232106|***
Stay (2DB Club Mix)|Found boundary at 6|03:10.659|0.0062352940823|***
Stitches (SeeB Remix) [Intro Clean]|Found boundary at 1|00:00.344|0.022|***
Stitches (SeeB Remix) [Intro Clean]|Found boundary at 2|00:19.167|0.0225294117612|***
Stitches (SeeB Remix) [Intro Clean]|Found boundary at 3|01:06.227|0.0213529411642|***
Stitches (SeeB Remix) [Intro Clean]|Found boundary at 4|01:25.050|0.0218823529255|***
Stitches (SeeB Remix) [Intro Clean]|Found boundary at 5|02:14.461|0.0226470587986|***
Stitches (SeeB Remix) [Intro Clean]|Found boundary at 6|02:33.284|0.0231764705599|***
Stranger Things (Intro Clean)|Found boundary at 1|00:00.017|0.001|***
Stranger Things (Intro Clean)|Found boundary at 2|00:17.961|0.000925233641258|***
Stranger Things (Intro Clean)|Found boundary at 3|01:29.736|0.00162616820627|***
Stranger Things (Intro Clean)|Found boundary at 4|01:47.679|0.00255140184754|***
Stranger Things (Intro Clean)|Found boundary at 5|02:41.512|0.00132710277131|***
Stranger Things (Intro Clean)|Found boundary at 6|02:59.456|0.00125233641256|***
The Ocean (Intro Clean)|Found boundary at 1|00:21.313|0.0223333333303|***
The Ocean (Intro Clean)|Found boundary at 2|00:42.646|0.0226666666606|***
The Ocean (Intro Clean)|Not found boundary at 3
The Ocean (Intro Clean)|Found boundary at 4|01:35.980|0.0219999999863|***
The Ocean (Intro Clean)|Found boundary at 5|02:21.313|0.0223333333133|***
Tip Toe (Pat C's Reggaeton ReDrum) [Intro Clean]|Not found boundary at 1
Tip Toe (Pat C's Reggaeton ReDrum) [Intro Clean]|Not found boundary at 2
Tip Toe (Pat C's Reggaeton ReDrum) [Intro Clean]|Found boundary at 3|00:48.024|0.00200000000859|***
Tip Toe (Pat C's Reggaeton ReDrum) [Intro Clean]|Found boundary at 4|01:07.225|0.00300000001202|***
Treat You Better (OK Midnight Remix) [Clean]|Not found boundary at 1
Treat You Better (OK Midnight Remix) [Clean]|Found boundary at 2|00:50.528|2.19600000001|*
Treat You Better (OK Midnight Remix) [Clean]|Found boundary at 3|01:10.738|0.330842105252|**
Treat You Better (OK Midnight Remix) [Clean]|Found boundary at 4|02:13.010|1.30957894739|*
Treat You Better (OK Midnight Remix) [Clean]|Found boundary at 5|02:31.580|0.330947368397|**
Treat You Better (OK Midnight Remix) [Clean]|**********BEAT DETECTION FAILED**********
Under Your Skin (Intro Clean)|Not found boundary at 1
Under Your Skin (Intro Clean)|Found boundary at 2|00:48.987|0.596717114|*
Under Your Skin (Intro Clean)|Not found boundary at 3
Under Your Skin (Intro Clean)|Found boundary at 4|01:28.171|0.593044902556|*
Under Your Skin (Intro Clean)|**********DOWNBEAT DETECTION FAILED**********
Waterfall (Seeb Remix) [Intro Clean]|Found boundary at 1|00:18.847|0.0225294117612|***
Waterfall (Seeb Remix) [Intro Clean]|Found boundary at 2|00:37.670|0.0230588235224|***
Waterfall (Seeb Remix) [Intro Clean]|Found boundary at 3|00:56.494|0.0225882352836|***
Waterfall (Seeb Remix) [Intro Clean]|Found boundary at 4|01:15.318|0.0221176470449|***
Waterfall (Seeb Remix) [Intro Clean]|Found boundary at 5|01:52.966|2.3317647059|*
Waterfall (Seeb Remix) [Intro Clean]|Found boundary at 6|02:30.613|2.37417647056|*
What Do You Love (Intro Clean)|Not found boundary at 1
What Do You Love (Intro Clean)|Found boundary at 2|00:45.001|1.23044223357|*
What Do You Love (Intro Clean)|Found boundary at 3|01:25.006|1.23127513284|*
What Do You Love (Intro Clean)|Found boundary at 4|01:45.005|1.27206886132|*
What Do You Love (Intro Clean)|**********DOWNBEAT DETECTION FAILED**********
What Lovers Do (Pat C's Havana Bootleg) [Intro Clean]|Found boundary at 1|00:18.306|0.00771428571072|***
What Lovers Do (Pat C's Havana Bootleg) [Intro Clean]|Found boundary at 2|00:36.592|0.00742857142144|***
What Lovers Do (Pat C's Havana Bootleg) [Intro Clean]|Found boundary at 3|01:49.734|0.00828571426433|***
What Lovers Do (Pat C's Havana Bootleg) [Intro Clean]|Found boundary at 4|02:08.021|2.27871428574|*
What Lovers Do (Pat C's Havana Bootleg) [Intro Clean]|Found boundary at 5|03:02.878|0.00714285710723|***
What Lovers Do (Pat C's Havana Bootleg) [Intro Clean]|Found boundary at 6|03:39.449|0.00757142852862|***
Whats Luv (Delirious & Alex K Puro Pari Remix) [Intro Clean]|Found boundary at 1|00:00.016|0.007|***
Whats Luv (Delirious & Alex K Puro Pari Remix) [Intro Clean]|Found boundary at 2|00:19.216|0.00699999999656|***
Whats Luv (Delirious & Alex K Puro Pari Remix) [Intro Clean]|Found boundary at 3|01:36.017|0.00599999998282|***
Whats Luv (Delirious & Alex K Puro Pari Remix) [Intro Clean]|Found boundary at 4|02:14.417|2.40599999998|*
Whats Luv (Delirious & Alex K Puro Pari Remix) [Intro Clean]|Found boundary at 5|03:02.417|0.00599999996734|***
Tempo Found:|115
Beat Found:|106
Downbeat Found:|92
